Probability of Recrudescence Results: After 3 iterations (of 1000 runs):,,,,,,,,,,,,,,,,,,,,,,,,,,,,,,,,,,,,,,
R code Converged Too:,0,0,0,0,0.000355619,0.010668563,0.078947368,0.001778094,0,0,0.001066856,0.078947368,0.078947368,0,0,0.068278805,0.076102418,0.078947368,0.027382646,0,0.078947368,0,0,0.078947368,0,0,0,0,0.036273115,0,0,0.07859175,0,0,0.078947368,0.001066856,0.078947368,0.078947368
Python code Converged Too:,0,0,0,0,0,0,0.078947368,0,0,0,0,0.078947368,0.078947368,0,0,0.078947368,0.078947368,0.078947368,0,0,0.078947368,0,0,0.078947368,0,0,0,0,0,0,0,0.078947368,0,0,0.078947368,0,0,0.078947368
The Total differences are:,0,0,0,0,0.000355619,0.010668563,0,0.001778094,0,0,0.001066856,0,0,0,0,0.010668563,0.00284495,0,0.027382646,0,0,0,0,0,0,0,0,0,0.036273115,0,0,0.000355619,0,0,0,0.001066856,0.078947368,0
Num Samples,Total Diff,Avg Diff,Min Diff,Max Diff,,,,,,,,,,,,,,,,,,,,,,,,,,,,,,,,,,
38,0.17140825,0.004510743,0,0.078947368,,,,,,,,,,,,,,,,,,,,,,,,,,,,,,,,,,
,,,,,,,,,,,,,,,,,,,,,,,,,,,,,,,,,,,,,,
Microsatellite Correction Results: After 3 iterations (of 1000 runs):,,,,,,,,,,,,,,,,,,,,,,,,,,,,,,,,,,,,,,
Num Samples,Num Itterations,Total Compairisons,Similarities,Differences,Percent Correct,,,,,,,,,,,,,,,,,,,,,,,,,,,,,,,,,
39,75,190,179,11,0.942105263,,,,,,,,,,,,,,,,,,,,,,,,,,,,,,,,,
